{
    "myProfile": {
        "statusMessage": "",
        "pictureStatus": "0hQLPSuGfJDmNtKiXw_dZxNFFvAA4aBAgrFUQUUkArUVNFHUA9AxxDDEh-BwdHSRtlUx9DVRguBVpH",
        "coverId": "9712c4253c16fc50e68895ac8f05bdc0",
        "displayName": "\ud83c\udd71\ud83c\udd7e\ud83c\udd83\u00a0>\ud83c\udd82\ud83c\udd7b\ud83c\udd7e\ud83c\udd83\ud83c\udd83\ud83c\udd77\ud83c\udd70\ud83c\udd78\u00ae"
    },
    "changeGroupPicture": [],
    "defaultReplyReader": "Sini kak @! temanin dedek \ud83d\ude25",
    "checkContact": false,
    "author_lineid": "You can add the author by line id, https://line.me/ti/p/~vipscanner_win",
    "checkSticker": false,
    "Aip": true,
    "autoRespondMention": {
        "status": true,
        "message": "Kenapa kak? @! Mau Tf kah? \ud83d\ude33"
    },
    "setKey": {
        "key": "",
        "status": true
    },
    "changePictureProfile": false,
    "changevp": false,
    "changeCoverProfile": false,
    "restartPoint": "u65129423a63f75ecae3ea189f9540054",
    "checkPost": false,
    "Leave": true,
    "Welcome": true,
    "autoJoin": {
        "status": true,
        "ticket": true,
        "message": "\u0e2a\u0e27\u0e31\u0e2a\u0e14\u0e35  @!",
        "reply": true
    },
    "changeCoverPicture": false,
    "autoRespond": {
        "status": false,
        "message": "https://line.me/ti/p/~vipscanner_win"
    },
    "greet": {
        "join": {
            "status": true,
            "message": "Selamat Datang Kak @! \ud83d\ude0d"
        },
        "leave": {
            "status": true,
            "message": "Bye bye @!"
        }
    },
    "autoRead": false,
    "copyright": "If you respect the author please don't remove this copyright\n\u00a9 2018 Hello World",
    "mimic": {
        "target": {
            "u3f844cd72c18c54434a1b4f2cd1550d6": false
        },
        "status": false
    },
    "autoAdd": {
        "status": true,
        "message": "\u0e02\u0e2d\u0e1a\u0e04\u0e38\u0e13\u0e17\u0e35\u0e48 add :v , \u0e2a\u0e19\u0e43\u0e08\u0e1a\u0e2d\u0e17 / \u0e15\u0e34\u0e14\u0e15\u0e48\u0e2d https://line.me/ti/p/~vipscanner_win",
        "reply": true
    },
    "winvite": true
}